{"cameraMode":{"drawMode":0,"name":"Shaded","section":"Shading Mode"},"sceneLighting":false,"audioPlay":false,"sceneViewState":{"showFog":true,"showMaterialUpdate":false,"showSkybox":false,"showFlares":true,"showImageEffects":true,"showParticleSystems":true,"showVisualEffectGraphs":true,"m_FxEnabled":true},"in2DMode":false,"pivot":{"x":10.518013000488282,"y":1.7733993530273438,"z":-6.812438488006592},"rotation":{"x":0.061868615448474887,"y":0.6867666840553284,"z":-0.058862101286649707,"w":0.7218455672264099},"size":2.759798765182495,"orthographic":false}