{"cameraMode":{"drawMode":0,"name":"Shaded","section":"Shading Mode"},"sceneLighting":false,"audioPlay":false,"sceneViewState":{"showFog":true,"showMaterialUpdate":false,"showSkybox":false,"showFlares":true,"showImageEffects":true,"showParticleSystems":true,"showVisualEffectGraphs":true,"m_FxEnabled":true},"in2DMode":false,"pivot":{"x":-16.3290958404541,"y":1.4585692882537842,"z":-0.010962560772895813},"rotation":{"x":0.028493568301200868,"y":0.013494114391505719,"z":-0.0003846891922876239,"w":0.9995033144950867},"size":1.7285412549972535,"orthographic":false}