{"cameraMode":{"drawMode":0,"name":"Shaded","section":"Shading Mode"},"sceneLighting":false,"audioPlay":false,"sceneViewState":{"showFog":true,"showMaterialUpdate":false,"showSkybox":false,"showFlares":true,"showImageEffects":true,"showParticleSystems":true,"showVisualEffectGraphs":true,"m_FxEnabled":false},"in2DMode":false,"pivot":{"x":-7.766060829162598,"y":2.2455952167510988,"z":-0.5599982738494873},"rotation":{"x":0.028493568301200868,"y":0.013494114391505719,"z":-0.0003846891922876239,"w":0.9995033144950867},"size":2.6815602779388429,"orthographic":false}