{"cameraMode":{"drawMode":0,"name":"Shaded","section":"Shading Mode"},"sceneLighting":false,"audioPlay":false,"sceneViewState":{"showFog":true,"showMaterialUpdate":false,"showSkybox":false,"showFlares":true,"showImageEffects":true,"showParticleSystems":true,"showVisualEffectGraphs":true,"m_FxEnabled":true},"in2DMode":false,"pivot":{"x":0.29133105278015139,"y":1.8459079265594483,"z":-7.267819881439209},"rotation":{"x":0.028493568301200868,"y":0.013494114391505719,"z":-0.0003846891922876239,"w":0.9995033144950867},"size":2.7405102252960207,"orthographic":false}