{"cameraMode":{"drawMode":0,"name":"Shaded","section":"Shading Mode"},"sceneLighting":false,"audioPlay":false,"sceneViewState":{"showFog":true,"showMaterialUpdate":false,"showSkybox":false,"showFlares":true,"showImageEffects":true,"showParticleSystems":true,"showVisualEffectGraphs":true,"m_FxEnabled":true},"in2DMode":false,"pivot":{"x":-0.15433216094970704,"y":0.9380245804786682,"z":0.01141214370727539},"rotation":{"x":0.028493568301200868,"y":0.013494114391505719,"z":-0.0003846891922876239,"w":0.9995033144950867},"size":1.4972641468048096,"orthographic":false}